<?xml version="1.0" encoding="UTF-8"?>
<project-private xmlns="http://www.netbeans.org/ns/project-private/1">
    <editor-bookmarks xmlns="http://www.netbeans.org/ns/editor-bookmarks/2" lastBookmarkId="0"/>
    <open-files xmlns="http://www.netbeans.org/ns/projectui-open-files/2">
        <group>
            <file>file:/home/hisyam/NetBeansProjects/AplikasiPerikanan/src/frame/TableKecamatan.java</file>
            <file>file:/home/hisyam/NetBeansProjects/AplikasiPerikanan/src/frame/Home.java</file>
            <file>file:/home/hisyam/NetBeansProjects/AplikasiPerikanan/src/frame/IsiKecamatan.java</file>
            <file>file:/home/hisyam/NetBeansProjects/AplikasiPerikanan/src/frame/Home2.java</file>
        </group>
    </open-files>
</project-private>
